e_no	name	
1	彩禍の魔女
10	庭師のクラウンとお手伝い
100	ジルバート・レヴェリー
1000	あさらー
1001	オリア
1002	ティキ
1003	ullucya
1004	ナナシ
1005	悠凪　夕
1006	芦川こころ
1007	烏芽 幽
1008	エピュール・キュリオステ
101	O=D=MAKINA
1010	ニルヴァーナ
1011	バーニィ
1012	雪鳴シュウ
1013	✞
1014	リース・ド・エノワール
1015	シェファーリッカ・ブルーチ
1016	羽のない金髪の天使
1017	ルーク
1018	プシュノンテ
1019	アカミヤアイコ
102	アイベリー
1020	宵竜 エヴィン
1021	シルファ・オルト・ラフィネル
1022	ウィリアム
1023	ウィリアム
1024	李碧
1025	マルガ
1026	未定さん
1027	藤一郎
1028	コルネリア・カルトエフ
1029	庭師オーレ
103	メリィ・B・エンディア
1030	エル
1032	メルちゃん
1033	郷愁の魔女
1034	歩行花蜜
1036	イヴィルナ&エシラ
1037	アイク
1038	ナヤカ・カアナ
1039	木之花 三葉
104	ピコ(セラフィは離席中)
1040	ネリネ・シルベチカ
1041	エージェント・ニコラ
1042	香取鼎
1043	ノア
1044	メディコ・デッラ・ペステ
1045	天蔭天斗
1046	ラエラ・ソンバー
1047	壱樹
1048	ラザラス・クロフォード
1049	アルバ
105	PANDAROID02 ブー子
1050	アルバ
1051	ルルエラ
1052	アル・ストロベリー
1053	ソウ•サクシル
1054	狼牙音 タクミ
1055	ローズマリー
1056	椿桜
1059	アルガス・アーテルロー
106	千部 優希
1060	ネフェリン
1061	ミエラ・リリアティ
1062	白姫
1063	オフライン版ルーツァ
1064	ロイク・レッドヒル
1065	珈琲 冷子
1066	椿
1067	ヤーコプ・アーリンゲ
1068	パイロン・デ・ナオース
1069	雨衣
107	不死身のベルナルド
1070	クロウン
1071	イルネス・ブラッドマリー
1072	リュート
1073	マリナ クロスロード
1074	ジョン・ジョイフル・ジョン
1075	ロココ・ノミネート
1076	ミルウィンド
1077	クゥゼロアンド・ランド
1078	アドー
1079	おうがだま
108	エリス・デア・ラ＝バルハムッド
1080	ベル
1081	くされハッカ
1082	サイカ・クロイツヴェーグ
1083	サイカ・クロイツヴェーグ
1084	ヒツギ
1085	城ヶ崎林檎
1086	レヴィン
1087	HakuvoBellwood
1088	キャンディ・ドロップ
1089	リリー
109	アニーローズ
1090	田中葉瑠子
1091	エオル
1092	エミタ
1093	( ˆΟˆ )
1094	クレール
1095	ナレリア
1096	ナレリア
1097	リアン・ランセ
1098	スノウ＝レイディアント
1099	スノウ＝レイディアント
11	ストルナデル姉妹
110	朝の魔女
1100	ビワ・ササキ
1101	ラシャール＝シャラシャール
1102	つるぎ
1103	アナヘラ・ブラックプリンセス
1104	リュア・シーブ
1105	蘭
1106	A.A
1107	代理人
1108	オレク・ゼレナー
1109	燃ゆる髪の栗鼠
111	シャルロッテ＝ヒンリヒトゥング
1110	シュガーアニマ
1111	雪狼 響
1112	灰戸リリア
1113	クラームゥ
1114	＿
1115	ナイツ=ヴィ•ガリア
1116	守人のオイヒェ
1117	クラリス・オルタンシア
1118	クラリス・オルタンシア
1119	クラリス・オルタンシア
112	カーディナルレッドドラゴン
1120	水晶型迎撃装置
1121	カサンドラ
1122	こむぎ
1123	ノエル＝ルネスト
1124	倉前照子
1125	鈴木悪辣
1126	ルシール
1127	カイリ
1128	モノクロの双星
1129	怜華
113	常若のイズーナ
1130	ひよこさん
1131	フローラ・ディオネア
1132	リゼルティオ・アイゼン
1133	リフィ
1134	スフィナ・アルバスト
1135	ミドリ・ハタオリ
1136	ユニコーン
1137	佐藤 ｲﾁ
1138	牡丹菊と鈴蘭
1139	ルキ・シャイアーク
114	戎　劉耀
1140	赤坂葛樹
1141	ガブリール・クランチ
1142	エレナ・フェイノルト
1143	犬魔人
1144	花屋コウ
1145	姫野 椿
1146	ミファー・ドレッツェル
1147	明日を望まない亡霊達
1148	オボロフスキー
1149	大きな樹の下で野営をする男
1150	クロネ
1151	かり
1152	星とユスラウメ
1153	リリムリア・T・シャルティエル
1154	すばやさ
1155	カルボレノ・ロイコフ
1156	トヤンボ
1157	トヤンボ
1158	トヤンボ
1159	トヤンボ
116	褐色娘サミーラ
1160	トヤンボ
1161	a
1162	殺意高めの湯のみ
1163	刃波紅葉
1164	刃波紅葉
1165	マリエスタ
1166	萩沢こころ
1167	ゴン
1168	ルーン
1169	ロンリネス
117	T・シュタイム・M
1170	洋梨
1171	ありふれた女
1172	ヒイラビ
1173	風の妖精
1174	エクリエル
1175	秋津夜姫
1176	秋津夜姫
1177	月ノ輪ロロル
1178	メリオ・フィール
1179	ナナエ=エゼル=エスターニャ
118	毒使いの鹿
1180	透明人間ちゃん
1181	プリティー★ラムネノミホス
1182	リリー
1183	明石家こがね
1184	ロンド・ルチカ
1185	ワフル
1186	佐藤フユキ
1187	『白銀』
1188	セラフィーヌ
1189	あとで
119	和泉
1190	輪廻盧輪 環
1191	ポプラ
1192	ワフル
1193	ワルツ・テイラー
1195	フウカ・クーテイ
1196	ヒナギク
1197	carol
1198	カーマイン
1199	ドライアド
12	＊＊＊
120	カリュク
1200	ウェルト=アンヤ
1201	那珂川芥
1202	るる
1204	クロミ
1205	クリス・ハルマルト
1206	ルシアン・カプリコン
1207	オルセンドの子供達
1208	ヴィツィオ
1209	テトラ・ネオン
121	ツォマ・フォウク
1210	Lapislazuli
1211	リコ=リコリス
1212	Froile Forie
1213	霧文の君
1214	ステフ・アーカルム
1215	カサノバ
1216	佐久真　渚
1217	ウキウキタックルおじさん
1218	コルル・マグナフィス
1219	ライゼル
122	クー・ド・ヴァン
1220	山田アルパカ
1221	遅れてきた観光客
1223	音無 色人
123	騎士と愉快な仲間たち
124	マギトゥー＝チャップマン
125	ダフネとＤ・ガーデナー
126	TEAM Rhetoric
127	星移　ことなし
128	勇者人形「ソルス」
129	ロザリア・P・ファルシオーネ
13	三角コーンと不思議な窓
130	KC-B001
131	フィロメナ・マリ・ルイス
132	帽子屋「ハッター」
133	《安寧の奏者》清晨水乃
134	カメリア
135	ヴィエトルーザー・スタイン
136	ミカゲ＆フヨード
137	ユコ・フェー・ドラッケン
138	あなたの大事なお友達
139	カゲトモ･ドゥルーズとソトモ
14	大河内 顕斗
140	アリス＝H＝グリムワルド
141	アズマ・トウジ　(東 灯慈)
142	キャロライン西尾
143	緒地 天使(うつせ)
144	届き損ねた孤独電波
145	メイル
146	タジカ
147	姫々川　贈
148	スズラン
149	ルウィズベル
15	ブランケット・フォン・スヤア
150	レイ＝レム
151	罪滅のスパイス
152	マリアベル
153	若菱
154	エレイン
155	白霊
156	ソラをのぞむモノ
157	P＝エングウィン＝トボガン
158	ティエル・アンジェリク
16	キスチィ・マドレーヌ
160	プリムラ
161	ソラシエラ
162	コガミ＆テール
163	渡守　寒太郎
164	さとうときつね
165	レックス
166	カウノミール
167	リズ・イフェイオン・ハーツ
168	石吐き魔術師と偽りの聖女
169	黒冬愛香
17	ネフェリィル
170	うし
171	アーリ・カレント
172	アルルーナ・ブランクポット
173	タイリクマドウツチナガスクジラ
174	ジラフ
175	クロエ・クリュミエール
177	混沌たる御火籠の炎
178	ベルゼビュート
179	チェイネル
18	花簪小麦之前範義
180	いとこの化け術師
181	エムロード・ファルコン
183	雪ノ下 仙花
184	ナーサッツ・カキクバリ
185	ロッコ
186	ヴェシカver3.14
187	双子の人形
188	『錬金』の魔女
189	アニエス・アルバ
19	巫女と狐娘
190	フォー・キール
191	花売りジゼル
192	め
193	ダイヤ・バニングス
194	ウサギゴケ
195	クリスタルオーラ
196	風の魔女
197	末崎 赫
198	シロ
199	A・S・クラウス
2	御剣 珠
20	バニル
200	ユミール・ハルトマン
202	GA-00 ストゥルディ
203	ミイロ
204	すずめ
205	アルカレプレ
206	三人の魔法少女
207	リズ・サード
208	メルレッタ
209	エル
21	キャロン
210	ソフィア・エルディアス
211	バートランド・ガステリア
212	ヘリオ
213	アクアディール
214	エフィージオ・シルヴェストリ
215	エルフと黒魔術士
216	フェニ子
217	シャラルザ＝サジタルートー
218	どこかの蝶
219	”二番星”ロビン
22	ジェシカ
220	アロエ＝ギフティメルツ
221	かりかりべーこん
222	リーン・ナルガネ
223	ひつじのぬいぐるみ（仮）
224	閃
225	アズべリアさん
226	如月アヤメ
227	未成年冒険者は無事帰還
228	シェーラ
229	セラ
23	カイザックとウィルマ
230	エミル・フレッドマン
231	忘れ去られゆく怪談
232	アンドレア・ローレン
233	ヘンリエッタ
234	アンスリーム・サンヘリオース
235	烏龍竜
236	ナンキョクグマ
237	アル
238	加唐黒葉
239	柊
24	ゼトウァーシェ・アーゴ
240	デッドリー・ジャケット
241	AnGelIoN
242	sasa
243	闇
244	ピカミカ・カヤマカ
245	ヴァッサー・シュピーゲル
246	宇宙の魔女
247	名も無き聖魔の狼
248	トリクイグモ
249	白い人影、黒い獣
25	セラフィレア・ヘーリオス
250	プルト・ズィーベン
251	ベルフィーヌ
252	ポイゾネラ
254	終わりゆく世界のアンドロイド
255	ヒシガタ
256	オウカンザメ・キング
257	ラスティ・フランドル
258	code『Aseria』
26	ハッピー☆ラッキー
260	ダブルデス原 ヘル死子
261	（仮名）
262	デイジー・ベル
263	カンパネルラ
264	ヤコ
265	パドゥクー
266	シャルロット
267	草葉風遥　ソロ=バレル
268	Flower pot
269	Bot-end-eight
27	『SG-F27』Luz
270	リネット＝アウェル
271	テラス
272	司馬アイ
273	ヨヒナ・ミナバラ
275	採集装備さん
276	フェリックスとフェリセット
277	松谷まつえ
278	ポポコ【準備中】
279	小娘
28	砥鷺丸
280	パンドラ＆カルマ
281	ティア・マクリール
282	ゴリラ
284	『ジョン』
285	菊子
286	シトラリクエ
287	ヘイルストーム
288	壊れたオルゴール
289	仕立て屋リリー
29	（シールゥ・ノウィク）
290	無花のインジル
291	ミプシー・ハガン
292	蔦の騎士イヴィ
293	春きゃべつ
294	メイベル・マリディオ
295	めそぽたみあん
297	マリア
298	アゼリア＝リューゲル
299	M.M
3	合歓音夢 眠衣
30	イノ
300	光野黄菜
301	風竜ティキ・リューリャ
302	リベルテ・キャトルソン
303	グロッシュラー・ガーネット
304	メリジェ
305	鋼翼姉妹@戦闘：人竜フィアーナ
306	ナトロライト
307	海泡姫と歌唱隊
308	カリーナ
309	ルナ・サイスロア
31	ティル・フォルマー
310	民元　祀
311	カイロス・Ｇ・クラード
312	サーシェンカ
313	仮面の男と踊り子
314	夏休み
315	ゼフィランサス
316	マダドのフィリラライル
317	エクセセス
318	野分 隼
319	ナイアリーズ・エルク
32	座右の銘は『金！暴力！』
320	テスト機ミノリ
321	丹生　史佳
322	褐色メイドさん
323	無限増殖系概念星
324	イザナギ春一番
325	リフレナ
326	淫蕩の魔女といろいろ
327	ヴァレンス・オレン
328	サンダーソニア
329	マキナ・エーレンフェルス
33	マノン
330	アプリコット＝ヘッジホッグ
331	セーレ
332	Ib-Zer03
333	リラ・コルベール
334	梅桃
335	ロゼ・クレープス
336	森の人
337	テルフィア
338	犬と人間
339	スライムと蒼炎
34	リリエス・ベルリオーシュ
340	ポニテ女
342	ズヴェズダ
343	ピコ・エレシュキガルタイプ
344	青汁飲んで健康元気豊満吸血姫
346	ネモフィール
347	『闊達』のフェンリス=V=M
348	山代千聖
349	アヴェーユ
35	虚神と炎神
350	クーデル＝ユニ
351	Klowe Alkanos
352	レスティア・ノーブルナイト
353	万八丹
354	リュプス・ポーデ
355	ニグレド
356	桃花褐 千草
357	チェルシー
358	煙奏者
359	わさび
36	天極の戦人達
360	エメス
362	電映戦士ビットマンTUBE
364	まんどら
365	ミルウッド
366	ダリア
367	水橋準
369	ムローク
37	ヒエムス・トリアングルム
371	ニア
373	ニクス・フロウ
374	ヴェロニク・ド・サンス
375	『幻影追い』ラヴォルモス・ヴル
376	オリエンダのラミア
377	偏食家
378	文鳥と人
379	輪廻の魔術師
38	ニグリム&アルバ
380	金色の少年
382	美雪＆純一郎
383	レーズン
384	草探偵見習いアサガ＝シゲリオル
385	佐々町響
386	クロス
387	ルシュ
388	メリッサ・ハーベスター
389	黒時夜白亜
39	ギンコ
390	フィンレイ・マカロン
391	キリナ・フォルビア
393	ルクス・ティア
394	カーディナル
395	翠斐揚
396	ルカ
397	チョウ
398	飢田 満
4	山風 依吹
40	フィアーバ・コローレ
400	リル・ラ・リル
401	準備中
402	WHO-N
403	五味猛
404	√３
405	シウ
406	篠塚ジロー
407	わにお
408	rb
409	リリア
41	華と雨
410	スフィーリア
411	シロナ=ヴァイスティーア
412	緋山らん
413	ラシル
414	カノン・アマリア・ジェリンスキ
415	フェルマー・カザヴェス
416	ココロ・ディエーヴシカ
417	名無しちゃん
418	アイリーン・ドーセット
419	仮
42	エフィリン姉妹
420	雨寺 司郎
421	セキリュウ
422	ニッチモサッチモ
423	（仮）
424	福成寺 光
425	ローデン・エルキス
426	アシュ
427	ティトル
428	ディアン
429	香炉
43	リトリとヨヒラ
430	チェイス・レザー
431	植食植物
432	コットン
433	ムエルト
434	三星ミナ
435	てるてる
436	リジェッタ
437	ウーリとオリヴィエ中佐
438	師弟とその他似た人々
439	ナライ・イナイバル
44	フトゥン・デ・グゥスルー
440	神に成れなかった子
441	フレア・イフリータ
442	金色のアマツキツネ
443	バルド・ルリシジミ
444	神格中華バーミヤン
445	フランベルク
446	スペルキオル
448	ゼオルト
449	ナガジャ
45	ラキ＝シャノアール
451	鈴木
452	ハイペルン・グリンフォール
453	プリオーシュ・ブロジェット
454	くろねこさん
455	カズヤ少年
456	ザユミア・アナヴァルド
457	ウズメ
458	十二の巻
459	七瀬瑞樹
46	死神デスブレイド
460	ソラヌイ
461	夜楠灯子
462	ヴィスクン
463	ソラニワタガヤシアリ
464	ノワゼットと一匹
465	ドラゴンキラー
466	カレドニア・フォン・エルツ
468	一葉
469	ラヴィリア・テンスベルガー
47	濡れた頁
470	自動人形のフォー
472	バルト・ミルレ
473	ミルルーファ・ミルレ
474	アプリコーゼ
475	鍋底大根
476	黒椿
477	ハサ・スナ
478	プランタートル
479	ウィルヘルミナ
48	白薔薇の隠者
480	ルーチェ
481	ミンティア・タブレット
482	ウィステリア
483	ネコジャラグサ
484	マリティナータ
485	赤い女
486	ポニー・レンジャー
487	ワグピュシラ
488	過去を閉ざされた学士
489	整地作業用廿型甲弐式
49	旅行者たち
490	シルバとポニー
491	餅月・ウィズダム・ドラグーン
492	アルマ
493	くらと・カナギ
494	レスカ
495	カロワ
496	ウルス
497	リリシア・イミュティアス
498	サイエンスさんと愉快な仲間たち
5	ニャコット
50	戦火の魔女
500	エルム=ブラックウッド
501	ブラン・ティミッド
502	赤毛の子狼『ホガミ』
503	結城・高千穂
504	テレシア
505	メルアーシュ・カラパニラ
506	夢を見る女
507	タスク
508	祓魔師の吸血鬼
509	ティリア・エイブラム
51	オベリア
510	スリープレスナイト
511	マギトロン・メイエクス
512	カトリ
513	？？？
514	すいか
515	セブンスとシルフィウム
516	アンディ=ウェストウィンド
517	魔女と灯火
518	アリサ・イル・シルード
519	デコピン
52	ククルククリ
520	さくら
521	りりり
522	霧原かなた&シンク
523	ロザリー・ローテローゼ
524	緋色の狐
525	篠風 麻衣
526	堤 鉄
528	アルト・ヒートヘイズ
529	ソル・フィルマメント
53	翠の鱗亭　ソラニワ支店
530	アイレ・ティエラ
531	フルルティート
532	雨
533	江口 達郎 with 獣神様達
534	ササ
535	メイ・シノザキ
536	プロディ
537	液体生物の兄弟たち
538	ハイリア
539	見習い天使（仮）
54	罪錠 龍
540	ドルトゥ・ゲート
541	アンドリア・ナイト
542	花喰みと老女
543	イスナ
545	ミーシャ・イル・シルード
546	ダーム
547	アルフィオ
548	ドゥオルマ
55	バンテッド
550	フィオーレ＝クレメンス
551	フィアナ＝クレメンス
552	ペアシィとレパイル（＆オマケ）
553	ロルル
554	太陽と雲
555	トルヴィス1063
556	アルカスタリア
557	リコフォス
558	エイエル・オーイー
56	ペムコ
560	風森 砂季
561	騎士の俺が異世界で庭師をやる件
562	橘　雪
563	モル
564	ノクス
565	セプラ・シャルディ
566	リーユ
567	チェリーブロッサム
568	アルトとアルト
569	アガスティア
57	人工天使№X
571	狩谷 時雨
572	蛇
573	御鏡このは
574	アイラ＝フォンティーン
575	フルオル
576	エン・ウォーレン
577	ノイン
578	パスタの妖精
579	アシュリー・エイメリー
58	『廃劇場』の『吸血姫』
580	ペルラネラ
581	柊泡華
582	柊泡華
583	メイト
584	シャーロット・アシュクロフト
585	ユーナコャーデ・シーベッド
586	夜鈴ノ尊
587	646
588	リシェルフィール
589	拝崎 輝樹
59	アリソンとアルバ先生
590	徘徊する雑草
591	エージュ
592	アイゼン
593	コットン・ブロッサム
594	迷い猫ニュクス
595	メルル・C・ノワール
596	ドール＝メイだったモノ
597	禊月 麻黄
598	ヴェルデ
6	潤奈
60	ローゼ･フォン･ゲーテ
600	テスター
601	アネス
602	奈落の魔女
603	彩香＝クライシス
604	Elle-mone-C6
605	仮名
606	ショコラ
607	らくー
608	レヴィ・メリナ
609	ノア・イーテ
61	ソラハニワ
610	まじないの魔女
611	アルニヒルダ
612	ムーニー
613	ショウ・ロ
614	準備中
615	リュウ=G=レーゲン
616	“抜け道”のカミノ
617	カナタ＆ラル
618	ルチア・フォルトロップ
619	リアンノン・コルベット
62	メイアルフェール・エマーレス
620	なか
621	ルーヴィエル＆セヴァツィリア
622	うたうはな
623	ベアトリーチェ
624	なにものでもないもの
625	アギト
626	アーサー
627	パーム
63	園芸スコップさん
630	八咫
631	“宝石箱の”イミナ
632	はいいろ
633	ムニカ・ニムカ
634	仮
635	尾藤 甘栗
636	キュル・ピュイ・アイ
637	ネコモドキ科ネコマンジュ種
638	スティル＝モジャーフ
639	ネム
64	結
640	ころっけ
641	しびれ雲
642	聖歌の歌い手 レイチェル
643	リアラ＝バルシュバイン
645	シノグレン
646	イージィ
647	荊檻の魔女
648	瀧波裕梨
649	ヘッツェル
65	*どろり*
650	〈片目〉のウィリーと隻翼モンコ
651	既に居ない者達
652	蝶野　紗奈
653	アリエステ
654	トゥーラン＝ボレア
655	何古目　懐
656	none
657	ミ
658	ヨザクラ
659	セミシグ・レ
66	ルーリ
660	赤い毛並みの竜
661	ビスマルク
662	カティア
663	深海のリヴァイアサン
664	ライラ
665	酉
666	-
667	サーフ
669	モバブちゃん
67	場所取りのロボと人でなし
671	クロニア･ローザライ
673	桃色羊のたまま
674	†たろすけ†
676	フィン&ヤオ
678	ロエル
679	サラマンダー
68	ガーデンキーパー次号機
680	ウルザ
681	鎧夏蓮
683	パドッペル
684	シルヴァ・ゼクト
685	イーライ・ロメネ・ツァイバーナ
686	メアル・パレット
687	アオイ・ホーリーホック
688	まだ決まってない
689	WD_00-ND壱型
69	フェオン
690	レンガ塔男爵
692	野輪 楽安のねこ
693	仇
694	織村東三木洞ミミミ
695	リュウ
696	リュウ
697	リュウ
698	？？？？
7	他人のタムラさん
70	肯定ペンギン
700	ヤエ
701	アルエット
702	ドロテラ・コード
703	マーキュリー
704	チェルシー・リリー
706	グラトニー
707	セリカ＝セイリオス
708	ピルゼミット＝レオルフ
709	エメリア
71	りゅうのこ
710	ココ・メイヴィス
711	セミオーブ
712	ケプラー・ディスカバリア
713	東親子
714	ギガノガイア=ガリバルディ
715	明連
717	IBIS SERRE
718	ヴィルザ・ジェーン
72	こどもたち
720	ウル／ハナペンギン
721	ルール
722	サルコテアナス
723	リリィエル
724	黒野 時晴
725	時計の人【クロノ】
726	名無しの小僧
727	茶店の亭主
728	小さき民
729	メネウィスのケモノ
73	Po・エノン＝クラート
730	ちゅみすと
732	スェペツィヒア・パルフェッタ
733	カンテラ
734	フロイス・グランディ
735	千葉いちば
737	魔術屋
738	ディル・エスパーダ
739	フィリア
74	ベルスーズ
740	リージュ・ハレーション
741	antares
742	A:linu
743	サヴァー=リエース
744	シャルロッテ
745	ぬる
746	日暮 夕間
747	ざっつあぷりちー（略）埋葬業者
749	不確定名：歩く枠組み
75	冒険者ギルド「プレロマ」
750	メルキオール
751	秘密探偵チャコール=タール
752	家名なしのユリアナ
753	もにうむ
755	モノトーンな女の子
756	デビるん★メイド❤シエルちゃん
757	赤い瞳の少女
759	槞彁
76	植物学者と右手さん
760	山渡りヤーネイ
761	セシリア
762	“氷獄”
763	ルーナ・ゲイン
764	ノクス
766	セラ・カリグミ
767	アス
768	騎士風の男
769	芦屋ロマ
77	室生 ニール
770	スピリチュアル色欲狂けいちゃん
771	No.7
772	フィーシィ
773	放電現象
774	リュシミ
775	ロズヴェル・アリエン
776	フラミニア
778	休業させられた天使
779	紺
78	睡眠欲の夢魔『ユメミヤ』
780	紺
781	紺
783	リリック
785	時園　花音
786	冬月の祈り子ノース
787	けるぴー
788	《超人》と《光の魔女》
789	ドリーカ・ティテレロ
79	プラリネ
792	額縁天使と随行者
794	菜玖夜鶯
796	シオン・K・F・シルキウス
8	三宅 文枝
80	シャイン
801	チェレーシャ・シェリトリンド
806	誰かの影
807	セーマ
808	神官と御使い
809	赤旗を掲げるフェリシア
81	アルマース・ディスパース
810	マリー=ユーニス・フローエ
811	移動王国
812	みみず
813	スピカ・デルフィニウム
818	ナナハチゼミ
819	鈴音
82	Code：R
820	なむじい
821	だばじい
822	ソラ
823	ジェノサイダー禍津崎
824	ガイワナイヨ
825	PICCA-01
826	金春
827	神楽坂　那波
828	欠番となったL-3のアルシエル
829	リーシャ・クリムダッツ
83	ドラグーンガールと白い蛇
830	ネヴィア・K・L・C
831	エルヴィーン
832	クロ
833	ライラ
834	コフィリア
835	魔女A
837	ユア・レクセ
838	仮
84	☘
840	遥か遠くに望むもの
841	射薔薇姫恭子
842	ガーベラ
843	よしの
844	はちま
845	はちま
846	ナナクサ
847	緑川咲良
848	メミアン・Ｅ・Ｍ・Ａ
849	タッピー＆キャッサ＆タピハ蝶
85	ミュゼット・ド・クール
850	シァン・メール
851	ニコラウス・プラム
853	漆
854	ニア･ツィスカリゼ
855	放浪者
856	道端のころしや
857	パラング
858	黒
859	モーリス・セルヴァン
86	若木とつぎはぎ
860	雪うさぎ
861	織村東三木洞蔦勘太郎茶羽ミミミ
862	九繰りのミユリ
863	九繰りのミユリ
864	アシュリー・ノクタリカ
869	ローレン
87	管白面命神
871	シャルロッテ＝ヒンリヒトゥング
873	名も無き聖魔の狼
874	ヨギリ
875	ルリオ・ライムグリーン
878	ククルン
879	くまばち
88	フィクゥ・フランドル
880	けだま
881	エヴォルク・トライアード
882	二之部 花丸
883	グリモア・アズエントル
884	フェル
885	あめくちなわ
886	ラムネ
887	ヨヒラ
888	ハティエル
889	フレデリック・リリス
89	かつて名を持たなかった水晶の竜
890	消します
891	匂坂時成
892	ロベリア
893	金魚
894	ソリン
895	六日のアヤメ
896	大和　神楽
897	北村ひたち
898	ノルンとエヴァ
899	夜人
9	邪神官レインと黒猫ウィルド
90	キルシュ
900	ダァト
901	鳳凰　櫂
902	青葉
903	エーリカ・ヒッスランド
904	カルロ
905	アルヴィンス
906	ディアナ
907	勾我儘 禍
908	ティアー
909	バーチ・ラン
91	エルバ・ビッグディッパー
910	甘田
911	影道 律
912	シュクレール＝カロッテ
913	新月　いのり
916	リフリントン
917	カンパネルラ
918	すいか
919	本の虫、シロ
92	ルオ・ハンナ
921	イエローパンケーキ
922	ムシュフシュ
923	お散歩くまさん
924	エメリン
925	織林　鈴音
926	天蓋みつき
927	ミアラ
928	イスカ＆たーる
93	浅間 八重丸
930	じゃろ・れんて
932	霧谷 秋二
933	ミスティ
934	スカルナ
935	スズナリ
936	ナラザーム
938	仮登録
939	レイス
94	ノーカ・アストラ
940	イチゴソーダ
941	ラズ
944	佐藤洋子
945	鷺澤 茉莉
946	三島 空
947	ミツハ・アニマロス
948	三島 空
95	セザン・N・U・ビスキュイ
952	鈴音
953	キャラメリカ
954	虚ろな人形
955	オオタテハ
956	挿柳のリコ
957	ORCA WINTER
958	エルメス
959	サバイバー・カーレッジ
96	生徒と先生
960	ジオ＝アラストロ
961	マスク・ザ・ナイト
962	璃都
963	ファル・シミター
964	リリノア・アルフェイル
965	リリノア・アルフェイル
966	ライムーン
967	ライムーン
968	リコネット・ベネリィ
969	マテリア
97	鬼久 賽輝
970	ロアン＝ヴァンサー
971	ゴレーム
972	ハンドフラワー
973	『常葉』と『落葉』
974	グリモア・アズエントル
975	人形ちゃん
976	ジジ
977	トリロジ
978	牙刀 呂鬼
979	カラタチ
98	機神の魔女
980	Elikune
981	朔
982	黒鍵
983	over=sun
984	ロミノ・フェルメール
985	グリモア・アズエントル
986	グリモア・アズエントル
987	潜竜
988	那卯罰子
989	ナチュラル・ウォーター
99	ちーまーでぃんら
990	ドライゼル・カッパー
991	セーネリア
992	軍人と画家
993	ドライゼル・カッパー
994	セーネリア
995	引き籠りたい者たち
996	マナナ
997	夏沢かもめ
998	アークス
999	サート・ネッカーキューブ
